<?xml version="1.0" encoding="UTF-8" standalone="no"?>
<beast beautitemplate="Standard" beautistatus="" namespace="beast.core:beast.evolution.alignment:beast.evolution.tree.coalescent:beast.core.util:beast.evolution.nuc:beast.evolution.operators:beast.evolution.sitemodel:beast.evolution.substitutionmodel:beast.evolution.likelihood" version="2.0">
 
 
 <!-- XML SECTION 1: Header and Beast2 Java class references / mappings -->
 
 
 <!-- A list of class mappings used in this Beast2 XML -->
 <map name="SiteModel">beast.evolution.sitemodel.SiteModel</map>
 <map name="Beta">beast.math.distributions.Beta</map>
 <map name="Exponential">beast.math.distributions.Exponential</map>
 <map name="InverseGamma">beast.math.distributions.InverseGamma</map>
 <map name="LogNormal">beast.math.distributions.LogNormalDistributionModel</map>
 <map name="Gamma">beast.math.distributions.Gamma</map>
 <map name="Uniform">beast.math.distributions.Uniform</map>
 <map name="prior">beast.math.distributions.Prior</map>
 <map name="LaplaceDistribution">beast.math.distributions.LaplaceDistribution</map>
 <map name="OneOnX">beast.math.distributions.OneOnX</map>
 <map name="Normal">beast.math.distributions.Normal</map>
 
 
 <!-- This XML file was written using BEASTmasteR at 2016-01-12 14:51:34-->
 
 <!-- BEASTmasteR took a lot of work.  Please cite if you use! Citation info: -->
 <!-- Matzke, Nicholas J. (2014). "BEASTmasteR: Automated conversion of NEXUS data to BEAST2 XML format, for fossil tip-dating and other uses." Online at PhyloWiki, http://phylo.wikidot.com/beastmaster. Accessed (access date). -->
 
 <!-- Information & citation on the data source(s) that went into this XML: -->
 <!-- (it is crucial to track, and cite, your data sources!) -->
 
 <!-- Dataset from Mueller & Reisz (2006); BEASTmasteR by Nick Matzke -->
 
 
 
 <!-- XML SECTION 2: Taxa and clade definitions (and tip-dates if desired) -->
 <!--                (Anything you want to constrain and/or log)           -->
 
 <!-- A taxonset named list_of_OTUs. Can be used for clade constraints and/or logging. -->
 <taxonset id="list_of_OTUs" spec="TaxonSet">
  <taxon id="Diadectomorpha" spec="Taxon"/>
  <taxon id="Seymouriamorpha" spec="Taxon"/>
  <taxon id="Caseidae" spec="Taxon"/>
  <taxon id="Mesosauridae" spec="Taxon"/>
  <taxon id="Millerettidae" spec="Taxon"/>
  <taxon id="Procolophonidae" spec="Taxon"/>
  <taxon id="Romeria_texana" spec="Taxon"/>
  <taxon id="Protocaptorhinus" spec="Taxon"/>
  <taxon id="Rhiodenticulatus" spec="Taxon"/>
  <taxon id="Captorhinus_laticeps" spec="Taxon"/>
  <taxon id="Captorhinus_aguti" spec="Taxon"/>
  <taxon id="Labidosaurus" spec="Taxon"/>
  <taxon id="Labidosaurikos" spec="Taxon"/>
  <taxon id="Saurorictus" spec="Taxon"/>
  <taxon id="Concordia" spec="Taxon"/>
  <taxon id="Protorothyris" spec="Taxon"/>
  <taxon id="Paleothyris" spec="Taxon"/>
  <taxon id="Cephalerpeton" spec="Taxon"/>
  <taxon id="Anthracodromeus" spec="Taxon"/>
  <taxon id="Brouffia" spec="Taxon"/>
  <taxon id="Coelostegus" spec="Taxon"/>
  <taxon id="Hylonomus" spec="Taxon"/>
  <taxon id="Thuringothyris" spec="Taxon"/>
  <taxon id="Petrolacosaurus" spec="Taxon"/>
  <taxon id="Araeoscelis" spec="Taxon"/>
 </taxonset>
 
 <!-- Taxon groupings (clades or other groups of interest) -->
 <!-- A taxonset named total_group_LCA. Can be used for clade constraints and/or logging. -->
 <taxonset id="total_group_LCA" spec="TaxonSet">
  <taxon idref="Diadectomorpha"/>
  <taxon idref="Seymouriamorpha"/>
  <taxon idref="Caseidae"/>
  <taxon idref="Mesosauridae"/>
  <taxon idref="Millerettidae"/>
  <taxon idref="Procolophonidae"/>
  <taxon idref="Romeria_texana"/>
  <taxon idref="Protocaptorhinus"/>
  <taxon idref="Rhiodenticulatus"/>
  <taxon idref="Captorhinus_laticeps"/>
  <taxon idref="Captorhinus_aguti"/>
  <taxon idref="Labidosaurus"/>
  <taxon idref="Labidosaurikos"/>
  <taxon idref="Saurorictus"/>
  <taxon idref="Concordia"/>
  <taxon idref="Protorothyris"/>
  <taxon idref="Paleothyris"/>
  <taxon idref="Cephalerpeton"/>
  <taxon idref="Anthracodromeus"/>
  <taxon idref="Brouffia"/>
  <taxon idref="Coelostegus"/>
  <taxon idref="Hylonomus"/>
  <taxon idref="Thuringothyris"/>
  <taxon idref="Petrolacosaurus"/>
  <taxon idref="Araeoscelis"/>
 </taxonset>
 <!-- A taxonset named ingroup1. Can be used for clade constraints and/or logging. -->
 <taxonset id="ingroup1" spec="TaxonSet">
  <taxon idref="Seymouriamorpha"/>
  <taxon idref="Caseidae"/>
  <taxon idref="Mesosauridae"/>
  <taxon idref="Millerettidae"/>
  <taxon idref="Procolophonidae"/>
  <taxon idref="Romeria_texana"/>
  <taxon idref="Protocaptorhinus"/>
  <taxon idref="Rhiodenticulatus"/>
  <taxon idref="Captorhinus_laticeps"/>
  <taxon idref="Captorhinus_aguti"/>
  <taxon idref="Labidosaurus"/>
  <taxon idref="Labidosaurikos"/>
  <taxon idref="Saurorictus"/>
  <taxon idref="Concordia"/>
  <taxon idref="Protorothyris"/>
  <taxon idref="Paleothyris"/>
  <taxon idref="Cephalerpeton"/>
  <taxon idref="Anthracodromeus"/>
  <taxon idref="Brouffia"/>
  <taxon idref="Coelostegus"/>
  <taxon idref="Hylonomus"/>
  <taxon idref="Thuringothyris"/>
  <taxon idref="Petrolacosaurus"/>
  <taxon idref="Araeoscelis"/>
 </taxonset>
 <!-- A taxonset named ingroup2. Can be used for clade constraints and/or logging. -->
 <taxonset id="ingroup2" spec="TaxonSet">
  <taxon idref="Caseidae"/>
  <taxon idref="Mesosauridae"/>
  <taxon idref="Millerettidae"/>
  <taxon idref="Procolophonidae"/>
  <taxon idref="Romeria_texana"/>
  <taxon idref="Protocaptorhinus"/>
  <taxon idref="Rhiodenticulatus"/>
  <taxon idref="Captorhinus_laticeps"/>
  <taxon idref="Captorhinus_aguti"/>
  <taxon idref="Labidosaurus"/>
  <taxon idref="Labidosaurikos"/>
  <taxon idref="Saurorictus"/>
  <taxon idref="Concordia"/>
  <taxon idref="Protorothyris"/>
  <taxon idref="Paleothyris"/>
  <taxon idref="Cephalerpeton"/>
  <taxon idref="Anthracodromeus"/>
  <taxon idref="Brouffia"/>
  <taxon idref="Coelostegus"/>
  <taxon idref="Hylonomus"/>
  <taxon idref="Thuringothyris"/>
  <taxon idref="Petrolacosaurus"/>
  <taxon idref="Araeoscelis"/>
 </taxonset>
 
 
 <!-- Tipdates for all taxa. Tipdates that will vary need to be   -->
 <!-- specified in operators, and also have a prior distribution. -->
 <!-- Number of fossils: you have 24 tips with ages > 0 Ma -->
 <trait id="tipDates" spec="beast.evolution.tree.TraitSet" traitname="date-backward" units="year" value="Diadectomorpha=82.7,
Seymouriamorpha=73.4,
Caseidae=78.875,
Mesosauridae=83.2,
Millerettidae=57.05,
Procolophonidae=0,
Romeria_texana=80.6,
Protocaptorhinus=83.2,
Rhiodenticulatus=84.1,
Captorhinus_laticeps=83.2,
Captorhinus_aguti=74.4,
Labidosaurus=74.4,
Labidosaurikos=74.4,
Saurorictus=54.9,
Concordia=103.575,
Protorothyris=95.35,
Paleothyris=109.175,
Cephalerpeton=107.6,
Anthracodromeus=107.6,
Brouffia=107.575,
Coelostegus=107.575,
Hylonomus=114.75,
Thuringothyris=83.2,
Petrolacosaurus=103.05,
Araeoscelis=74.4">
  <!-- `taxa=` tag specifies the beast.evolution.alignment.TaxonSet which the tipdate names refer to. -->
  <taxa alignment="@seqs_morph1_morph2_unordered" spec="beast.evolution.alignment.TaxonSet"/>
 </trait>
 
 
 <!-- A taxonset named fossil_taxa. Can be used for clade constraints and/or logging. -->
 <taxonset id="fossil_taxa" spec="TaxonSet">
  <taxon idref="Diadectomorpha"/>
  <taxon idref="Seymouriamorpha"/>
  <taxon idref="Caseidae"/>
  <taxon idref="Mesosauridae"/>
  <taxon idref="Millerettidae"/>
  <taxon idref="Romeria_texana"/>
  <taxon idref="Protocaptorhinus"/>
  <taxon idref="Rhiodenticulatus"/>
  <taxon idref="Captorhinus_laticeps"/>
  <taxon idref="Captorhinus_aguti"/>
  <taxon idref="Labidosaurus"/>
  <taxon idref="Labidosaurikos"/>
  <taxon idref="Saurorictus"/>
  <taxon idref="Concordia"/>
  <taxon idref="Protorothyris"/>
  <taxon idref="Paleothyris"/>
  <taxon idref="Cephalerpeton"/>
  <taxon idref="Anthracodromeus"/>
  <taxon idref="Brouffia"/>
  <taxon idref="Coelostegus"/>
  <taxon idref="Hylonomus"/>
  <taxon idref="Thuringothyris"/>
  <taxon idref="Petrolacosaurus"/>
  <taxon idref="Araeoscelis"/>
 </taxonset>
 
 
 <!-- XML SECTION 3: Sequence alignments (e.g. DNA, morphology); filtered in later section to produce partitions -->
 
 
 <!-- Results of get_numstates_per_char() on dataset: seqs_morph1 -->
 <!-- Filename: morph_NOautapos_v1.nex-->
 
 <!-- There were 0 characters missing an implied state. -->
 <!-- They were characters numbered:  -->
 <!-- E.g., states 013 were found, but not state 2. This character would get re-coded as 012. -->
 <!-- (Beast complains if states are missing; this might be OK with ordered characters,  -->
 <!--  but I have not explored it...NJM 2014-10-22)                                        -->
 
 <!-- Number of characters that were all-unknown (?, dashes, etc.): 0 -->
 <!-- They were:  -->
 <!-- Any all-unknown characters will be cut from the Beast XML -->
 
 <!-- Listing ORIGINAL data in PHYLIP format: -->
 <!--
25 90
Diadectomorpha        10110000(0 1)000200200000000000000100100011001(0 1)10?000000110(0 1)0(0 1)00100(0 1)00(0 1)00010001000000010000000
Seymouriamorpha       00110000000000010000??1000000000000001000100000?000011?00000100000000000000000000000000000
Caseidae              100000000000100000000000000001000110?00000000000010000110010001110000010001100110010001000
Mesosauridae          0010000000000?221000000?000100??1010001001001000001000011010?01112110111000011010100000000
Millerettidae         00100000110020020000000000000000111000000000100001011011(0 1)10010111111111101010001001100(0 1)111
Procolophonidae       01110000001010100100000000010000111000000100(0 1)100000010?1110010101111?111010100110011000111
Romeria_texana        110?010?10001010?0000?0??0000???010001000?1011111?????0?01???0111????10??111???0?????00000
Protocaptorhinus      1101000110001111?000000000000???11000?001???0111100011000(0 1)?1?01012???1000111???0????000000
Rhiodenticulatus      11010101010011111000?00??00001???1000101?1?111111000110?(0 1)01??0101211?10??111?1000???000000
Captorhinus_laticeps  111100020110111211110000000101002100111011101111100011000000?0101211?100011100000000000000
Captorhinus_aguti     111100020110111211110000000101002101111011101111100011000000?0101211?100011100000000000000
Labidosaurus          11111111011111121112111111111111111012001???0111100011000000?0101211?100011110000010000000
Labidosaurikos        1111111101111112111211111111101111111200111101111????10?00???0101?1??10??111???0?????00000
Saurorictus           ?111000?010?011?????0???00???????1000100????0??11???????00???0101????10??101???0??????0100
Concordia             001101000?0010101000000000000???01000001000010111????10?0????0101?1??10??111???0?????00000
Protorothyris         00000000000001000000000000000000000000000100101111110011111?1011111?11000101???11???000000
Paleothyris           0000010000002000?000000000000???0000000000100011111110110011?01111111100110100001111000000
Cephalerpeton         00000000010????000???0????00????11000100??000????1110011?1??00111????10001010??01???000?0?
Anthracodromeus       ????????00000000????00000??1????0???????0?????1111110??1?100?0??1??11?0?0??1111?11000?0?00
Brouffia              00100?00000020010000000000000???0100000000?01?1111111?1110?100111???1100?11100001?0?000?00
Coelostegus           ?0??010?10002002????00100?????????00???00???100001??00?11001?01?1???110000?0???01???0?000?
Hylonomus             00100000??0??001?00?000?0000?0??00000100?000?0???1111?0????1?0111111110?1101010011?0000000
Thuringothyris        0001010010001100000000000000????01100??101?010111100100100??001011?1110??10100001110000000
Petrolacosaurus       001000000?000000011?0000000000000000000000000011101100101?01111111111100110122001011111000
Araeoscelis           0010000000001000011?0000000000000100000001?10011101100101101011111111100110122001011110000
-->
 
 <!-- Listing CORRECTED data in PHYLIP format: -->
 <!--
25 90
Diadectomorpha        10110000(0 1)000200200000000000000100100011001(0 1)10?000000110(0 1)0(0 1)00100(0 1)00(0 1)00010001000000010000000
Seymouriamorpha       00110000000000010000??1000000000000001000100000?000011?00000100000000000000000000000000000
Caseidae              100000000000100000000000000001000110?00000000000010000110010001110000010001100110010001000
Mesosauridae          0010000000000?221000000?000100??1010001001001000001000011010?01112110111000011010100000000
Millerettidae         00100000110020020000000000000000111000000000100001011011(0 1)10010111111111101010001001100(0 1)111
Procolophonidae       01110000001010100100000000010000111000000100(0 1)100000010?1110010101111?111010100110011000111
Romeria_texana        110?010?10001010?0000?0??0000???010001000?1011111?????0?01???0111????10??111???0?????00000
Protocaptorhinus      1101000110001111?000000000000???11000?001???0111100011000(0 1)?1?01012???1000111???0????000000
Rhiodenticulatus      11010101010011111000?00??00001???1000101?1?111111000110?(0 1)01??0101211?10??111?1000???000000
Captorhinus_laticeps  111100020110111211110000000101002100111011101111100011000000?0101211?100011100000000000000
Captorhinus_aguti     111100020110111211110000000101002101111011101111100011000000?0101211?100011100000000000000
Labidosaurus          11111111011111121112111111111111111012001???0111100011000000?0101211?100011110000010000000
Labidosaurikos        1111111101111112111211111111101111111200111101111????10?00???0101?1??10??111???0?????00000
Saurorictus           ?111000?010?011?????0???00???????1000100????0??11???????00???0101????10??101???0??????0100
Concordia             001101000?0010101000000000000???01000001000010111????10?0????0101?1??10??111???0?????00000
Protorothyris         00000000000001000000000000000000000000000100101111110011111?1011111?11000101???11???000000
Paleothyris           0000010000002000?000000000000???0000000000100011111110110011?01111111100110100001111000000
Cephalerpeton         00000000010????000???0????00????11000100??000????1110011?1??00111????10001010??01???000?0?
Anthracodromeus       ????????00000000????00000??1????0???????0?????1111110??1?100?0??1??11?0?0??1111?11000?0?00
Brouffia              00100?00000020010000000000000???0100000000?01?1111111?1110?100111???1100?11100001?0?000?00
Coelostegus           ?0??010?10002002????00100?????????00???00???100001??00?11001?01?1???110000?0???01???0?000?
Hylonomus             00100000??0??001?00?000?0000?0??00000100?000?0???1111?0????1?0111111110?1101010011?0000000
Thuringothyris        0001010010001100000000000000????01100??101?010111100100100??001011?1110??10100001110000000
Petrolacosaurus       001000000?000000011?0000000000000000000000000011101100101?01111111111100110122001011111000
Araeoscelis           0010000000001000011?0000000000000100000001?10011101100101101011111111100110122001011110000
-->
 
 
 <!-- Character numbers in original matrix: -->
 <!-- 1,2,3,4,5,6,7,8,9,10,11,12,13,14,15,16,17,18,19,20,21,22,23,24,25,26,27,28,29,30,31,32,33,34,35,36,37,38,39,40,41,42,43,44,45,46,47,48,49,50,51,52,53,54,55,56,57,58,59,60,61,62,63,64,65,66,67,68,69,70,71,72,73,74,75,76,77,78,79,80,81,82,83,84,85,86,87,88,89,90 -->
 
 <!-- Datatype for a 2-state unordered character -->
 <!--(all 2-state characters are unordered, duh!)-->
 <userDataType id="datatype_seqs_morph1_morph2_unordered" spec="beast.evolution.datatype.UserDataType" states="2" codeMap="0=0, 1=1, -=0 1, ?=0 1, Z=0 1" codelength="1"/>
 
 <!-- Datatype for a 3-state unordered character -->
 <userDataType id="datatype_seqs_morph1_morph3_unordered" spec="beast.evolution.datatype.UserDataType" states="3" codeMap="0=0, 1=1, 2=2, -=0 1 2, ?=0 1 2, Z=0 1 2" codelength="1"/>
 
 <!-- morph unordered characters. Dataset: seqs_morph1. From: morph_NOautapos_v1.nex -->
 
 <!--Indices of the characters in the 90 unordered characters subset from dataset: seqs_morph1: -->
 <!-- 1, 2, 3, 4, 5, 6, 7, 9, 10, 11, 12, 14, 17, 18, 19, 21, 22, 23, 24, 25, 26, 27, 28, 29, 30, 31, 32, 34, 35, 36, 37, 39, 40, 41, 42, 43, 44, 45, 46, 47, 48, 49, 50, 51, 52, 53, 54, 55, 56, 57, 58, 59, 60, 61, 62, 63, 64, 65, 67, 68, 69, 70, 71, 72, 73, 74, 75, 76, 79, 80, 81, 82, 83, 84, 85, 86, 87, 88, 89, 90 -->
 
 <!-- The ascertainment-bias model for these characters has been set to `Mk` (Markov-k). This means *NO* correction for unobservable character patterns will be performed.
-->
 
 <data id="seqs_morph1_morph2_unordered" dataType="user defined" ascertained="false" statecount="2" strip="true" spec="beast.evolution.alignment.AscertainedAlignment">
  <userDataType idref="datatype_seqs_morph1_morph2_unordered"/>
  <sequence id="seq2_unordered_from_seqs_morph1_for_Diadectomorpha" taxon="Diadectomorpha" totalcount="2" value="1011000Z000000000000000001010001001Z10Z000000110Z0Z00100Z0Z000100010000010000000"/>
  <sequence id="seq2_unordered_from_seqs_morph1_for_Seymouriamorpha" taxon="Seymouriamorpha" totalcount="2" value="001100000000000ZZ10000000000000000100000Z000011Z00000100000000000000000000000000"/>
  <sequence id="seq2_unordered_from_seqs_morph1_for_Caseidae" taxon="Caseidae" totalcount="2" value="100000000000000000000000100110Z0000000000010000110010001110000100011110010001000"/>
  <sequence id="seq2_unordered_from_seqs_morph1_for_Mesosauridae" taxon="Mesosauridae" totalcount="2" value="00100000000Z100000Z000100ZZ01001001001000001000011010Z01111101110000010100000000"/>
  <sequence id="seq2_unordered_from_seqs_morph1_for_Millerettidae" taxon="Millerettidae" totalcount="2" value="0010000110000000000000000001100000000100001011011Z10010111111111010101001100Z111"/>
  <sequence id="seq2_unordered_from_seqs_morph1_for_Procolophonidae" taxon="Procolophonidae" totalcount="2" value="0111000001000100000000100001100000100Z100000010Z111001010111Z1110101110011000111"/>
  <sequence id="seq2_unordered_from_seqs_morph1_for_Romeria_texana" taxon="Romeria_texana" totalcount="2" value="110Z01010000Z000Z0ZZ0000ZZZ1000000Z1011111ZZZZZ0Z01ZZZ0111ZZZ10ZZ111Z0ZZZZZ00000"/>
  <sequence id="seq2_unordered_from_seqs_morph1_for_Protocaptorhinus" taxon="Protocaptorhinus" totalcount="2" value="110100010001Z00000000000ZZZ1000001ZZZ0111100011000ZZ1Z0101ZZZ1000111Z0ZZZZ000000"/>
  <sequence id="seq2_unordered_from_seqs_morph1_for_Rhiodenticulatus" taxon="Rhiodenticulatus" totalcount="2" value="110101001001100Z00ZZ00001ZZ100001Z1Z111111000110ZZ01ZZ010111Z10ZZ111000ZZZ000000"/>
  <sequence id="seq2_unordered_from_seqs_morph1_for_Captorhinus_laticeps" taxon="Captorhinus_laticeps" totalcount="2" value="11110000110111100000001010010011011101111100011000000Z010111Z1000111000000000000"/>
  <sequence id="seq2_unordered_from_seqs_morph1_for_Captorhinus_aguti" taxon="Captorhinus_aguti" totalcount="2" value="11110000110111100000001010010111011101111100011000000Z010111Z1000111000000000000"/>
  <sequence id="seq2_unordered_from_seqs_morph1_for_Labidosaurus" taxon="Labidosaurus" totalcount="2" value="1111111011111111111111111111101001ZZZ0111100011000000Z010111Z1000111000010000000"/>
  <sequence id="seq2_unordered_from_seqs_morph1_for_Labidosaurikos" taxon="Labidosaurikos" totalcount="2" value="111111101111111111111111011111100111101111ZZZZ10Z00ZZZ01011ZZ10ZZ111Z0ZZZZZ00000"/>
  <sequence id="seq2_unordered_from_seqs_morph1_for_Saurorictus" taxon="Saurorictus" totalcount="2" value="Z111000010Z1ZZZ0ZZZ00ZZZZZZ100000ZZZZ0ZZ11ZZZZZZZ00ZZZ0101ZZZ10ZZ101Z0ZZZZZZ0100"/>
  <sequence id="seq2_unordered_from_seqs_morph1_for_Concordia" taxon="Concordia" totalcount="2" value="00110100Z000100000000000ZZZ100001000010111ZZZZ10Z0ZZZZ01011ZZ10ZZ111Z0ZZZZZ00000"/>
  <sequence id="seq2_unordered_from_seqs_morph1_for_Protorothyris" taxon="Protorothyris" totalcount="2" value="0000000000010000000000000000000000100101111110011111Z101111Z11000101Z11ZZZ000000"/>
  <sequence id="seq2_unordered_from_seqs_morph1_for_Paleothyris" taxon="Paleothyris" totalcount="2" value="000001000000Z00000000000ZZZ00000000100011111110110011Z01111111001101001111000000"/>
  <sequence id="seq2_unordered_from_seqs_morph1_for_Cephalerpeton" taxon="Cephalerpeton" totalcount="2" value="0000000010ZZ00ZZ0ZZZZ00ZZZZ100000ZZ000ZZZZ1110011Z1ZZ00111ZZZ1000101Z01ZZZ000Z0Z"/>
  <sequence id="seq2_unordered_from_seqs_morph1_for_Anthracodromeus" taxon="Anthracodromeus" totalcount="2" value="ZZZZZZZ00000ZZZ00000ZZ1ZZZZZZZZZZ0ZZZZZ1111110ZZ1Z100Z0ZZ1Z11Z0Z0ZZ11Z11000Z0Z00"/>
  <sequence id="seq2_unordered_from_seqs_morph1_for_Brouffia" taxon="Brouffia" totalcount="2" value="00100Z000000000000000000ZZZ10000000Z01Z1111111Z1110Z100111ZZ1100Z111001Z0Z000Z00"/>
  <sequence id="seq2_unordered_from_seqs_morph1_for_Coelostegus" taxon="Coelostegus" totalcount="2" value="Z0ZZ01010000ZZZ00100ZZZZZZZZ00ZZ00ZZZ100001ZZ00Z11001Z01Z1ZZ110000Z0Z01ZZZ0Z000Z"/>
  <sequence id="seq2_unordered_from_seqs_morph1_for_Hylonomus" taxon="Hylonomus" totalcount="2" value="0010000ZZ0Z0Z00000Z0000Z0ZZ000000Z000Z0ZZZ1111Z0ZZZZ1Z011111110Z11010011Z0000000"/>
  <sequence id="seq2_unordered_from_seqs_morph1_for_Thuringothyris" taxon="Thuringothyris" totalcount="2" value="00010101000100000000000ZZZZ1100Z101Z010111100100100ZZ00101Z1110ZZ101001110000000"/>
  <sequence id="seq2_unordered_from_seqs_morph1_for_Petrolacosaurus" taxon="Petrolacosaurus" totalcount="2" value="00100000Z00001100000000000000000000000011101100101Z01111111111001101001011111000"/>
  <sequence id="seq2_unordered_from_seqs_morph1_for_Araeoscelis" taxon="Araeoscelis" totalcount="2" value="00100000000001100000000000010000001Z10011101100101101011111111001101001011110000"/>
 </data>
 
 <!--Indices of the characters in the 90 unordered characters subset from dataset: seqs_morph1: -->
 <!-- 8, 13, 15, 16, 20, 33, 38, 66, 77, 78 -->
 
 <!-- The ascertainment-bias model for these characters has been set to `Mkv` (Markov-k). This means *NO* correction for unobservable character patterns will be performed.
-->
 
 <data id="seqs_morph1_morph3_unordered" dataType="user defined" ascertained="false" statecount="3" strip="true" spec="beast.evolution.alignment.AscertainedAlignment">
  <userDataType idref="datatype_seqs_morph1_morph3_unordered"/>
  <sequence id="seq3_unordered_from_seqs_morph1_for_Diadectomorpha" taxon="Diadectomorpha" totalcount="3" value="0202001000"/>
  <sequence id="seq3_unordered_from_seqs_morph1_for_Seymouriamorpha" taxon="Seymouriamorpha" totalcount="3" value="0001001000"/>
  <sequence id="seq3_unordered_from_seqs_morph1_for_Caseidae" taxon="Caseidae" totalcount="3" value="0100000000"/>
  <sequence id="seq3_unordered_from_seqs_morph1_for_Mesosauridae" taxon="Mesosauridae" totalcount="3" value="0022010211"/>
  <sequence id="seq3_unordered_from_seqs_morph1_for_Millerettidae" taxon="Millerettidae" totalcount="3" value="0202010100"/>
  <sequence id="seq3_unordered_from_seqs_morph1_for_Procolophonidae" taxon="Procolophonidae" totalcount="3" value="0110010100"/>
  <sequence id="seq3_unordered_from_seqs_morph1_for_Romeria_texana" taxon="Romeria_texana" totalcount="3" value="Z110001ZZZ"/>
  <sequence id="seq3_unordered_from_seqs_morph1_for_Protocaptorhinus" taxon="Protocaptorhinus" totalcount="3" value="111101Z2ZZ"/>
  <sequence id="seq3_unordered_from_seqs_morph1_for_Rhiodenticulatus" taxon="Rhiodenticulatus" totalcount="3" value="11110Z12Z1"/>
  <sequence id="seq3_unordered_from_seqs_morph1_for_Captorhinus_laticeps" taxon="Captorhinus_laticeps" totalcount="3" value="2112121200"/>
  <sequence id="seq3_unordered_from_seqs_morph1_for_Captorhinus_aguti" taxon="Captorhinus_aguti" totalcount="3" value="2112121200"/>
  <sequence id="seq3_unordered_from_seqs_morph1_for_Labidosaurus" taxon="Labidosaurus" totalcount="3" value="1112212210"/>
  <sequence id="seq3_unordered_from_seqs_morph1_for_Labidosaurikos" taxon="Labidosaurikos" totalcount="3" value="1112212ZZZ"/>
  <sequence id="seq3_unordered_from_seqs_morph1_for_Saurorictus" taxon="Saurorictus" totalcount="3" value="Z01ZZZ1ZZZ"/>
  <sequence id="seq3_unordered_from_seqs_morph1_for_Concordia" taxon="Concordia" totalcount="3" value="0110000ZZZ"/>
  <sequence id="seq3_unordered_from_seqs_morph1_for_Protorothyris" taxon="Protorothyris" totalcount="3" value="00000001ZZ"/>
  <sequence id="seq3_unordered_from_seqs_morph1_for_Paleothyris" taxon="Paleothyris" totalcount="3" value="0200000100"/>
  <sequence id="seq3_unordered_from_seqs_morph1_for_Cephalerpeton" taxon="Cephalerpeton" totalcount="3" value="0ZZ0Z11Z0Z"/>
  <sequence id="seq3_unordered_from_seqs_morph1_for_Anthracodromeus" taxon="Anthracodromeus" totalcount="3" value="Z000Z0ZZ11"/>
  <sequence id="seq3_unordered_from_seqs_morph1_for_Brouffia" taxon="Brouffia" totalcount="3" value="0201000Z00"/>
  <sequence id="seq3_unordered_from_seqs_morph1_for_Coelostegus" taxon="Coelostegus" totalcount="3" value="Z202ZZZZZZ"/>
  <sequence id="seq3_unordered_from_seqs_morph1_for_Hylonomus" taxon="Hylonomus" totalcount="3" value="0Z01Z01101"/>
  <sequence id="seq3_unordered_from_seqs_morph1_for_Thuringothyris" taxon="Thuringothyris" totalcount="3" value="010000Z100"/>
  <sequence id="seq3_unordered_from_seqs_morph1_for_Petrolacosaurus" taxon="Petrolacosaurus" totalcount="3" value="0000Z00122"/>
  <sequence id="seq3_unordered_from_seqs_morph1_for_Araeoscelis" taxon="Araeoscelis" totalcount="3" value="0100Z00122"/>
 </data>
 
 
 <!-- XML SECTION 4: Partitions (filters applied to the sequence alignments produce partitions) -->
 <!--                The tree+model confer likelihood on each partition.                        -->
 
 
 
 <!-- XML SECTION 5: Miscellaneous                                         -->
 <!--                (space for various extra parameters etc.)             -->
 
 
 <!-- This is an exponential distribution used as the prior on each gamma shape parameter -->
 <Exponential id="exponential_distrib_for_gammaShape_priors" name="distr">
  <parameter id="exponential_mean_of_1" lower="0.0" upper="0.0" name="mean">1</parameter>
 </Exponential>
 
 
 <!-- XML SECTION 6: Site Models (sequence/morphology evolution models for each partition) -->
 
 
 
 <!-- CUSTOM MORPHOLOGY RATE MATRICES FOR DISCRETE MORPHOLOGICAL CHARACTER EVOLUTION -->
 
 
 <!-- rates for a 2x2, unordered character matrix; 2 off-diagonal rates -->
 <parameter id="seqs_morph1_morph2_unordered_ratematrix" dimension="2" name="rates">1.0 1.0</parameter>
 
 <!-- rates for a 3x3, unordered character matrix; 6 off-diagonal rates -->
 <parameter id="seqs_morph1_morph3_unordered_ratematrix" dimension="6" name="rates">1.0 1.0 1.0 1.0 1.0 1.0</parameter>
 
 
 <!-- CUSTOM MORPHOLOGY SUBSTITUTION MODELS FOR DISCRETE MORPHOLOGICAL CHARACTER EVOLUTION -->
 
 
 <!-- substitution model for a 2x2, unordered character matrix; 2 off-diagonal rates -->
 <substModel id="seqs_morph1_morph2_unordered_substModel" rates="@seqs_morph1_morph2_unordered_ratematrix" spec="GeneralSubstitutionModel">
  <frequencies id="seqs_morph1_morph2_unordered_basefreqs" frequencies="0.5 0.5" spec="Frequencies"/>
 </substModel>
 
 <!-- substitution model for a 3x3, unordered character matrix; 6 off-diagonal rates -->
 <substModel id="seqs_morph1_morph3_unordered_substModel" rates="@seqs_morph1_morph3_unordered_ratematrix" spec="GeneralSubstitutionModel">
  <frequencies id="seqs_morph1_morph3_unordered_basefreqs" frequencies="0.333333333333333 0.333333333333333 0.333333333333333" spec="Frequencies"/>
 </substModel>
 
 
 <!-- CUSTOM MORPHOLOGY SITE MODELS FOR DISCRETE MORPHOLOGICAL CHARACTER EVOLUTION -->
 
 
 <!-- siteModel for a 2x2, unordered character matrix; 2 off-diagonal rates; -->
 <!-- gamma-distributed among-site rate variation with 4 categories, no invariant sites -->
 <siteModel id="seqs_morph1_morph2_unordered_sitemodel" gammaCategoryCount="4" spec="SiteModel">
  <parameter idref="morph_relRate" name="mutationRate"/>
  <parameter idref="morph_gammaShape" name="shape"/>
  <parameter id="seqs_morph1_morph2_unordered_pInv" lower="0.0" upper="1.0" name="proportionInvariant">0</parameter>
  <substModel idref="seqs_morph1_morph2_unordered_substModel"/>
 </siteModel>
 
 <!-- siteModel for a 3x3, unordered character matrix; 6 off-diagonal rates; -->
 <!-- gamma-distributed among-site rate variation with 4 categories, no invariant sites -->
 <siteModel id="seqs_morph1_morph3_unordered_sitemodel" gammaCategoryCount="4" spec="SiteModel">
  <parameter idref="morph_relRate" name="mutationRate"/>
  <parameter idref="morph_gammaShape" name="shape"/>
  <parameter id="seqs_morph1_morph3_unordered_pInv" lower="0.0" upper="1.0" name="proportionInvariant">0</parameter>
  <substModel idref="seqs_morph1_morph3_unordered_substModel"/>
 </siteModel>
 
 
 <!-- Likelihood of morphology data given tree, model, morphology model parameters -->
 
 <!-- Likelihood of seqs_morph1_morph2_unordered on the tree -->
 <distribution id="seqs_morph1_morph2_unordered_treeLikelihood" spec="TreeLikelihood" data="@seqs_morph1_morph2_unordered" tree="@shared_tree" siteModel="@seqs_morph1_morph2_unordered_sitemodel" branchRateModel="@shared_clock" useAmbiguities="true"/>
 
 <!-- Likelihood of seqs_morph1_morph3_unordered on the tree -->
 <distribution id="seqs_morph1_morph3_unordered_treeLikelihood" spec="TreeLikelihood" data="@seqs_morph1_morph3_unordered" tree="@shared_tree" siteModel="@seqs_morph1_morph3_unordered_sitemodel" branchRateModel="@shared_clock" useAmbiguities="true"/>
 
 
 <!-- XML SECTION 7: Shared clock model (strict, relaxed, etc.) -->
 
 
 
 <!-- Shared clock model, named: shared_clock -->
 
 <!-- ucld: Uncorrelated relaxed clock with lognormally-distributed branch rates -->
 <branchRateModel id="shared_clock" clock.rate="@ucldMean_of_shared_clock" rateCategories="@rateCategories_of_shared_clock" spec="beast.evolution.branchratemodel.UCRelaxedClockModel" tree="@shared_tree">
  
  <!-- logNormal distribution inside branchRateModel -->
  <LogNormal id="logNormal_distribution_inside_shared_clock" S="@ucldStdev_of_shared_clock" meanInRealSpace="true" name="distr">
   <!-- I have no idea why BEAUTi puts this fixed mean in, or if it even uses it; presumably overridden by clock.rate. -->
   <parameter id="apparently_fixed_mean_for_logNormal_inside_shared_clock" estimate="false" lower="0.0" upper="1.0" name="M">1</parameter>
  </LogNormal>
 </branchRateModel>
 
 
 <!-- XML SECTION 9: Shared tree model (Yule, Birth-Death (BD), Birth-Death Skyline (BDSKY), etc.) -->
 
 
 <!-- Set up the BDSKY tree model: BirthDeathSkylineModel -->
 <!-- (Other models, e.g. Yule (pure-birth), BD (birth-death), BDSS (BD, constant serial sampling) are special cases of BDSKY) -->
 <!-- (Except the Birth-Death-Skyline-Sampled-Ancestor model) -->
 <BirthDeathSkylineModel id="@shared_tree" tree="@shared_tree" contemp="false" spec="beast.evolution.speciation.BirthDeathSkylineModel">
  
  <!-- Starting parameters of the BirthDeathSkylineModel for the observed tree -->
  
  <!-- originTime: the start of the sampling+tree growth process -->
  <!-- (This is a nuisance parameter, but its starting value must be older than the start tree root or Beast2 will crash) -->
  <parameter id="originTime" lower="0.0" upper="4600" name="origin">150</parameter>
  
  <!-- birthRates (lambda: speciation or lineage splitting rates, oldest to youngest) -->
  <parameter id="birthRate" name="birthRate" lower="0.0" value="0.02"/>
  <parameter id="birthRateChangeTimes_tops" name="birthRateChangeTimes" value="0"/>
  
  <!-- deathRates (mu: lineage extinction rates, oldest to youngest) -->
  <parameter id="deathRate" name="deathRate" lower="0.0" value="0.002"/>
  <parameter id="deathRateChangeTimes_tops" name="deathRateChangeTimes" value="0"/>
  
  <!-- samplingRates (psi: rate of sampling per lineage per my)                  -->
  <!-- sorted from youngest to oldest, but with zero at the end,                 -->
  <!-- as specified by Denise on the beast-users group:                          -->
  <!-- https://groups.google.com/d/msg/beast-users/UyAS0sYDkKk/PB0ktWnssn0J          -->
  <!-- The actual psi samplingRates, though, are in order from oldest to youngest -->
  <parameter id="samplingRate" name="samplingRate" lower="0.0" value="0.002"/>
  <parameter id="samplingRateChangeTimes_tops" name="samplingRateChangeTimes" value="0"/>
  
  <!-- rho (probability of sampling each lineage extant at a particular timepoint, typically the present, 0 Ma) -->
  <parameter id="rho" name="rho" lower="0.0" value="1"/>
  <parameter id="rhoSamplingTimes" name="rhoSamplingTimes" value="0"/>
  
  <!-- Are time arrays reversed, for birth, death, psi, rho, and R. Regardless, the parameter values are listed from oldest to youngest time bin. -->
  <reverseTimeArrays id="reverseTimeArrays" spec="beast.core.parameter.BooleanParameter" value="true true true true true"/>
 </BirthDeathSkylineModel>
 
 
 <!-- Defining and logging the MCMC search chain -->
 <run id="mcmc" chainLength="1000000000" spec="MCMC">
  
  <state id="state" storeEvery="500000">
   
   
   <!-- XML SECTION 10: MCMC states: the state of the MCMC chain saved at various timepoints -->
   <!--                 (as a .state file, to allow the chain to be re-started later on)          -->
   
   
   <!-- Shared clock model, named: shared_clock -->
   
   <!-- ucld: Uncorrelated relaxed clock with lognormally-distributed branch rates -->
   <parameter id="ucldMean_of_shared_clock" lower="0.0" upper="100" name="stateNode">0.01</parameter>
   <parameter id="ucldStdev_of_shared_clock" lower="0.0" upper="100" name="stateNode">0.01</parameter>
   <stateNode id="rateCategories_of_shared_clock" dimension="48" spec="parameter.IntegerParameter">1</stateNode>
   
   <!-- Starting states for morphology model parameters -->
   <parameter id="morph_relRate" name="stateNode">1</parameter>
   <parameter id="morph_gammaShape" name="stateNode">1</parameter>
   
   <!-- State of the tree & tree model parameters during MCMC search -->
   <stateNode idref="shared_tree"/>
   <stateNode idref="originTime"/>
   <stateNode idref="birthRate"/>
   <stateNode idref="deathRate"/>
   <stateNode idref="samplingRate"/>
   <stateNode idref="birthRateChangeTimes_tops"/>
   <stateNode idref="deathRateChangeTimes_tops"/>
   <stateNode idref="samplingRateChangeTimes_tops"/>
   <stateNode idref="rho"/>
   <stateNode idref="rhoSamplingTimes"/>
   <stateNode idref="reverseTimeArrays"/>
   
   <!-- Epidemiology version of a tree model -->
   <!--<parameter dimension="10" id="samplingProportionS.t:shared_tree" lower="0.0" name="stateNode" upper="1.0">0.01</parameter>
        <parameter dimension="10" id="becomeUninfectiousRateS.t:shared_tree" lower="0.0" name="stateNode" upper="10.0">1.0</parameter>
        <parameter dimension="10" id="R0S.t:shared_tree" lower="0.0" name="stateNode" upper="10.0">2.0</parameter>-->
   
   <!-- RRB (Remco) suggested: add initialiser -->
   <!-- Starting tree is constructed using UPGMA method (actually neighborjoining2) -->
   <!--<stateNode id="shared_tree" initial="NULL" spec="beast.util.ClusterZBSATree" nodetype="beast.evolution.tree.ZeroBranchSANode" clusterType="neighborjoining2" taxa="@seqs_morph1_morph2_unordered" trait="@tipDates"/>-->
   
   <!-- RRB (Remco) suggested: add initialiser -->
   <!-- Starting tree is constructed using random coalescence -->
   <stateNode id="shared_tree" initial="NULL" estimate="true" spec="beast.evolution.tree.RandomTree" taxa="@seqs_morph1_morph2_unordered" trait="@tipDates">
    <populationModel id="ConstantPopulation_shared_tree" spec="ConstantPopulation">
     <parameter id="randomPopSize_shared_tree" name="popSize">1</parameter>
    </populationModel>
   </stateNode>
  </state>
  
  
  <!-- XML SECTION 8: Starting tree (random, user-fixed, etc.) -->
  
  
  <distribution id="posterior" spec="util.CompoundDistribution">
   <distribution id="prior" spec="util.CompoundDistribution">
    
    
    <!-- XML SECTION 11: Priors -->
    
    
    <!-- Priors on node dates and/or clade monophyly -->
    <!-- (some might be unconstrained, just for logging purposes) -->
    
    <!-- NOTE: ConvertedForStartTree...Prior distribution on the date of monophyletic taxon: total_group_LCA -->
    <distribution id="total_group_LCA_prior" monophyletic="true" spec="beast.math.distributions.MRCAPrior" tree="@shared_tree" useOriginate="false" tipsonly="false">
     <taxonset idref="total_group_LCA"/>
     <Normal id="total_group_LCA_prior_Normal" name="distr">
      <parameter id="ConvertedForStartTree_total_group_LCA_param_Normal_lower" name="mean" estimate="false">131.5</parameter>
      <parameter id="ConvertedForStartTree_total_group_LCA_param_Normal_upper" name="sigma" estimate="false">1.315</parameter>
     </Normal>
    </distribution>
    
    <!-- NOTE: ConvertedForStartTree...Prior distribution on the date of monophyletic taxon: ingroup1 -->
    <distribution id="ingroup1_prior" monophyletic="true" spec="beast.math.distributions.MRCAPrior" tree="@shared_tree" useOriginate="false" tipsonly="false">
     <taxonset idref="ingroup1"/>
     <Normal id="ingroup1_prior_Normal" name="distr">
      <parameter id="ConvertedForStartTree_ingroup1_param_Normal_lower" name="mean" estimate="false">111.5</parameter>
      <parameter id="ConvertedForStartTree_ingroup1_param_Normal_upper" name="sigma" estimate="false">1.115</parameter>
     </Normal>
    </distribution>
    
    <!-- Distribution on the date (no prior) of monophyletic taxon: ingroup2 -->
    <distribution id="ingroup2_prior" monophyletic="true" spec="beast.math.distributions.MRCAPrior" tree="@shared_tree" useOriginate="false" tipsonly="false">
     <taxonset idref="ingroup2"/>
    </distribution>
    
    <!-- As convert_to_normal==yes, for getting a starting tree, the `Diadectomorpha` prior is a normal with mean=82.7, sd=0.827. -->
    <distribution id="prP_UniformDistrib_Diadectomorpha" tipsonly="true" monophyletic="false" tree="@shared_tree" spec="beast.math.distributions.MRCAPrior">
     <taxonset id="age_of_Diadectomorpha" spec="TaxonSet">
      <taxon idref="Diadectomorpha" spec="Taxon"/>
     </taxonset>
     <Normal id="convertedForStartingTree_NormalDistrib_Diadectomorpha" name="distr" offset="0">
      <parameter id="convertedForStartingTree_mean_of_NormalDistrib_Diadectomorpha" name="mean" estimate="false">82.7</parameter>
      <parameter id="convertedForStartingTree_sd_of_NormalDistrib_Diadectomorpha" name="sigma" estimate="false">0.827</parameter>
     </Normal>
    </distribution>
    
    <!-- As convert_to_normal==yes, for getting a starting tree, the `Seymouriamorpha` prior is a normal with mean=73.4, sd=0.734. -->
    <distribution id="prP_UniformDistrib_Seymouriamorpha" tipsonly="true" monophyletic="false" tree="@shared_tree" spec="beast.math.distributions.MRCAPrior">
     <taxonset id="age_of_Seymouriamorpha" spec="TaxonSet">
      <taxon idref="Seymouriamorpha" spec="Taxon"/>
     </taxonset>
     <Normal id="convertedForStartingTree_NormalDistrib_Seymouriamorpha" name="distr" offset="0">
      <parameter id="convertedForStartingTree_mean_of_NormalDistrib_Seymouriamorpha" name="mean" estimate="false">73.4</parameter>
      <parameter id="convertedForStartingTree_sd_of_NormalDistrib_Seymouriamorpha" name="sigma" estimate="false">0.734</parameter>
     </Normal>
    </distribution>
    
    <!-- As convert_to_normal==yes, for getting a starting tree, the `Caseidae` prior is a normal with mean=78.875, sd=0.78875. -->
    <distribution id="prP_UniformDistrib_Caseidae" tipsonly="true" monophyletic="false" tree="@shared_tree" spec="beast.math.distributions.MRCAPrior">
     <taxonset id="age_of_Caseidae" spec="TaxonSet">
      <taxon idref="Caseidae" spec="Taxon"/>
     </taxonset>
     <Normal id="convertedForStartingTree_NormalDistrib_Caseidae" name="distr" offset="0">
      <parameter id="convertedForStartingTree_mean_of_NormalDistrib_Caseidae" name="mean" estimate="false">78.875</parameter>
      <parameter id="convertedForStartingTree_sd_of_NormalDistrib_Caseidae" name="sigma" estimate="false">0.78875</parameter>
     </Normal>
    </distribution>
    
    <!-- As convert_to_normal==yes, for getting a starting tree, the `Mesosauridae` prior is a normal with mean=83.2, sd=0.832. -->
    <distribution id="prP_UniformDistrib_Mesosauridae" tipsonly="true" monophyletic="false" tree="@shared_tree" spec="beast.math.distributions.MRCAPrior">
     <taxonset id="age_of_Mesosauridae" spec="TaxonSet">
      <taxon idref="Mesosauridae" spec="Taxon"/>
     </taxonset>
     <Normal id="convertedForStartingTree_NormalDistrib_Mesosauridae" name="distr" offset="0">
      <parameter id="convertedForStartingTree_mean_of_NormalDistrib_Mesosauridae" name="mean" estimate="false">83.2</parameter>
      <parameter id="convertedForStartingTree_sd_of_NormalDistrib_Mesosauridae" name="sigma" estimate="false">0.832</parameter>
     </Normal>
    </distribution>
    
    <!-- As convert_to_normal==yes, for getting a starting tree, the `Millerettidae` prior is a normal with mean=57.05, sd=0.5705. -->
    <distribution id="prP_UniformDistrib_Millerettidae" tipsonly="true" monophyletic="false" tree="@shared_tree" spec="beast.math.distributions.MRCAPrior">
     <taxonset id="age_of_Millerettidae" spec="TaxonSet">
      <taxon idref="Millerettidae" spec="Taxon"/>
     </taxonset>
     <Normal id="convertedForStartingTree_NormalDistrib_Millerettidae" name="distr" offset="0">
      <parameter id="convertedForStartingTree_mean_of_NormalDistrib_Millerettidae" name="mean" estimate="false">57.05</parameter>
      <parameter id="convertedForStartingTree_sd_of_NormalDistrib_Millerettidae" name="sigma" estimate="false">0.5705</parameter>
     </Normal>
    </distribution>
    
    <!-- As convert_to_normal==yes, for getting a starting tree, the `Romeria_texana` prior is a normal with mean=80.6, sd=0.806. -->
    <distribution id="prP_UniformDistrib_Romeria_texana" tipsonly="true" monophyletic="false" tree="@shared_tree" spec="beast.math.distributions.MRCAPrior">
     <taxonset id="age_of_Romeria_texana" spec="TaxonSet">
      <taxon idref="Romeria_texana" spec="Taxon"/>
     </taxonset>
     <Normal id="convertedForStartingTree_NormalDistrib_Romeria_texana" name="distr" offset="0">
      <parameter id="convertedForStartingTree_mean_of_NormalDistrib_Romeria_texana" name="mean" estimate="false">80.6</parameter>
      <parameter id="convertedForStartingTree_sd_of_NormalDistrib_Romeria_texana" name="sigma" estimate="false">0.806</parameter>
     </Normal>
    </distribution>
    
    <!-- As convert_to_normal==yes, for getting a starting tree, the `Protocaptorhinus` prior is a normal with mean=83.2, sd=0.832. -->
    <distribution id="prP_UniformDistrib_Protocaptorhinus" tipsonly="true" monophyletic="false" tree="@shared_tree" spec="beast.math.distributions.MRCAPrior">
     <taxonset id="age_of_Protocaptorhinus" spec="TaxonSet">
      <taxon idref="Protocaptorhinus" spec="Taxon"/>
     </taxonset>
     <Normal id="convertedForStartingTree_NormalDistrib_Protocaptorhinus" name="distr" offset="0">
      <parameter id="convertedForStartingTree_mean_of_NormalDistrib_Protocaptorhinus" name="mean" estimate="false">83.2</parameter>
      <parameter id="convertedForStartingTree_sd_of_NormalDistrib_Protocaptorhinus" name="sigma" estimate="false">0.832</parameter>
     </Normal>
    </distribution>
    
    <!-- As convert_to_normal==yes, for getting a starting tree, the `Rhiodenticulatus` prior is a normal with mean=84.1, sd=0.841. -->
    <distribution id="prP_UniformDistrib_Rhiodenticulatus" tipsonly="true" monophyletic="false" tree="@shared_tree" spec="beast.math.distributions.MRCAPrior">
     <taxonset id="age_of_Rhiodenticulatus" spec="TaxonSet">
      <taxon idref="Rhiodenticulatus" spec="Taxon"/>
     </taxonset>
     <Normal id="convertedForStartingTree_NormalDistrib_Rhiodenticulatus" name="distr" offset="0">
      <parameter id="convertedForStartingTree_mean_of_NormalDistrib_Rhiodenticulatus" name="mean" estimate="false">84.1</parameter>
      <parameter id="convertedForStartingTree_sd_of_NormalDistrib_Rhiodenticulatus" name="sigma" estimate="false">0.841</parameter>
     </Normal>
    </distribution>
    
    <!-- As convert_to_normal==yes, for getting a starting tree, the `Captorhinus_laticeps` prior is a normal with mean=83.2, sd=0.832. -->
    <distribution id="prP_UniformDistrib_Captorhinus_laticeps" tipsonly="true" monophyletic="false" tree="@shared_tree" spec="beast.math.distributions.MRCAPrior">
     <taxonset id="age_of_Captorhinus_laticeps" spec="TaxonSet">
      <taxon idref="Captorhinus_laticeps" spec="Taxon"/>
     </taxonset>
     <Normal id="convertedForStartingTree_NormalDistrib_Captorhinus_laticeps" name="distr" offset="0">
      <parameter id="convertedForStartingTree_mean_of_NormalDistrib_Captorhinus_laticeps" name="mean" estimate="false">83.2</parameter>
      <parameter id="convertedForStartingTree_sd_of_NormalDistrib_Captorhinus_laticeps" name="sigma" estimate="false">0.832</parameter>
     </Normal>
    </distribution>
    
    <!-- As convert_to_normal==yes, for getting a starting tree, the `Captorhinus_aguti` prior is a normal with mean=74.4, sd=0.744. -->
    <distribution id="prP_UniformDistrib_Captorhinus_aguti" tipsonly="true" monophyletic="false" tree="@shared_tree" spec="beast.math.distributions.MRCAPrior">
     <taxonset id="age_of_Captorhinus_aguti" spec="TaxonSet">
      <taxon idref="Captorhinus_aguti" spec="Taxon"/>
     </taxonset>
     <Normal id="convertedForStartingTree_NormalDistrib_Captorhinus_aguti" name="distr" offset="0">
      <parameter id="convertedForStartingTree_mean_of_NormalDistrib_Captorhinus_aguti" name="mean" estimate="false">74.4</parameter>
      <parameter id="convertedForStartingTree_sd_of_NormalDistrib_Captorhinus_aguti" name="sigma" estimate="false">0.744</parameter>
     </Normal>
    </distribution>
    
    <!-- As convert_to_normal==yes, for getting a starting tree, the `Labidosaurus` prior is a normal with mean=74.4, sd=0.744. -->
    <distribution id="prP_UniformDistrib_Labidosaurus" tipsonly="true" monophyletic="false" tree="@shared_tree" spec="beast.math.distributions.MRCAPrior">
     <taxonset id="age_of_Labidosaurus" spec="TaxonSet">
      <taxon idref="Labidosaurus" spec="Taxon"/>
     </taxonset>
     <Normal id="convertedForStartingTree_NormalDistrib_Labidosaurus" name="distr" offset="0">
      <parameter id="convertedForStartingTree_mean_of_NormalDistrib_Labidosaurus" name="mean" estimate="false">74.4</parameter>
      <parameter id="convertedForStartingTree_sd_of_NormalDistrib_Labidosaurus" name="sigma" estimate="false">0.744</parameter>
     </Normal>
    </distribution>
    
    <!-- As convert_to_normal==yes, for getting a starting tree, the `Labidosaurikos` prior is a normal with mean=74.4, sd=0.744. -->
    <distribution id="prP_UniformDistrib_Labidosaurikos" tipsonly="true" monophyletic="false" tree="@shared_tree" spec="beast.math.distributions.MRCAPrior">
     <taxonset id="age_of_Labidosaurikos" spec="TaxonSet">
      <taxon idref="Labidosaurikos" spec="Taxon"/>
     </taxonset>
     <Normal id="convertedForStartingTree_NormalDistrib_Labidosaurikos" name="distr" offset="0">
      <parameter id="convertedForStartingTree_mean_of_NormalDistrib_Labidosaurikos" name="mean" estimate="false">74.4</parameter>
      <parameter id="convertedForStartingTree_sd_of_NormalDistrib_Labidosaurikos" name="sigma" estimate="false">0.744</parameter>
     </Normal>
    </distribution>
    
    <!-- As convert_to_normal==yes, for getting a starting tree, the `Saurorictus` prior is a normal with mean=54.9, sd=0.549. -->
    <distribution id="prP_UniformDistrib_Saurorictus" tipsonly="true" monophyletic="false" tree="@shared_tree" spec="beast.math.distributions.MRCAPrior">
     <taxonset id="age_of_Saurorictus" spec="TaxonSet">
      <taxon idref="Saurorictus" spec="Taxon"/>
     </taxonset>
     <Normal id="convertedForStartingTree_NormalDistrib_Saurorictus" name="distr" offset="0">
      <parameter id="convertedForStartingTree_mean_of_NormalDistrib_Saurorictus" name="mean" estimate="false">54.9</parameter>
      <parameter id="convertedForStartingTree_sd_of_NormalDistrib_Saurorictus" name="sigma" estimate="false">0.549</parameter>
     </Normal>
    </distribution>
    
    <!-- As convert_to_normal==yes, for getting a starting tree, the `Concordia` prior is a normal with mean=103.575, sd=1.03575. -->
    <distribution id="prP_UniformDistrib_Concordia" tipsonly="true" monophyletic="false" tree="@shared_tree" spec="beast.math.distributions.MRCAPrior">
     <taxonset id="age_of_Concordia" spec="TaxonSet">
      <taxon idref="Concordia" spec="Taxon"/>
     </taxonset>
     <Normal id="convertedForStartingTree_NormalDistrib_Concordia" name="distr" offset="0">
      <parameter id="convertedForStartingTree_mean_of_NormalDistrib_Concordia" name="mean" estimate="false">103.575</parameter>
      <parameter id="convertedForStartingTree_sd_of_NormalDistrib_Concordia" name="sigma" estimate="false">1.03575</parameter>
     </Normal>
    </distribution>
    
    <!-- As convert_to_normal==yes, for getting a starting tree, the `Protorothyris` prior is a normal with mean=95.35, sd=0.9535. -->
    <distribution id="prP_UniformDistrib_Protorothyris" tipsonly="true" monophyletic="false" tree="@shared_tree" spec="beast.math.distributions.MRCAPrior">
     <taxonset id="age_of_Protorothyris" spec="TaxonSet">
      <taxon idref="Protorothyris" spec="Taxon"/>
     </taxonset>
     <Normal id="convertedForStartingTree_NormalDistrib_Protorothyris" name="distr" offset="0">
      <parameter id="convertedForStartingTree_mean_of_NormalDistrib_Protorothyris" name="mean" estimate="false">95.35</parameter>
      <parameter id="convertedForStartingTree_sd_of_NormalDistrib_Protorothyris" name="sigma" estimate="false">0.9535</parameter>
     </Normal>
    </distribution>
    
    <!-- As convert_to_normal==yes, for getting a starting tree, the `Paleothyris` prior is a normal with mean=109.175, sd=1.09175. -->
    <distribution id="prP_UniformDistrib_Paleothyris" tipsonly="true" monophyletic="false" tree="@shared_tree" spec="beast.math.distributions.MRCAPrior">
     <taxonset id="age_of_Paleothyris" spec="TaxonSet">
      <taxon idref="Paleothyris" spec="Taxon"/>
     </taxonset>
     <Normal id="convertedForStartingTree_NormalDistrib_Paleothyris" name="distr" offset="0">
      <parameter id="convertedForStartingTree_mean_of_NormalDistrib_Paleothyris" name="mean" estimate="false">109.175</parameter>
      <parameter id="convertedForStartingTree_sd_of_NormalDistrib_Paleothyris" name="sigma" estimate="false">1.09175</parameter>
     </Normal>
    </distribution>
    
    <!-- As convert_to_normal==yes, for getting a starting tree, the `Cephalerpeton` prior is a normal with mean=107.6, sd=1.076. -->
    <distribution id="prP_UniformDistrib_Cephalerpeton" tipsonly="true" monophyletic="false" tree="@shared_tree" spec="beast.math.distributions.MRCAPrior">
     <taxonset id="age_of_Cephalerpeton" spec="TaxonSet">
      <taxon idref="Cephalerpeton" spec="Taxon"/>
     </taxonset>
     <Normal id="convertedForStartingTree_NormalDistrib_Cephalerpeton" name="distr" offset="0">
      <parameter id="convertedForStartingTree_mean_of_NormalDistrib_Cephalerpeton" name="mean" estimate="false">107.6</parameter>
      <parameter id="convertedForStartingTree_sd_of_NormalDistrib_Cephalerpeton" name="sigma" estimate="false">1.076</parameter>
     </Normal>
    </distribution>
    
    <!-- As convert_to_normal==yes, for getting a starting tree, the `Anthracodromeus` prior is a normal with mean=107.6, sd=1.076. -->
    <distribution id="prP_UniformDistrib_Anthracodromeus" tipsonly="true" monophyletic="false" tree="@shared_tree" spec="beast.math.distributions.MRCAPrior">
     <taxonset id="age_of_Anthracodromeus" spec="TaxonSet">
      <taxon idref="Anthracodromeus" spec="Taxon"/>
     </taxonset>
     <Normal id="convertedForStartingTree_NormalDistrib_Anthracodromeus" name="distr" offset="0">
      <parameter id="convertedForStartingTree_mean_of_NormalDistrib_Anthracodromeus" name="mean" estimate="false">107.6</parameter>
      <parameter id="convertedForStartingTree_sd_of_NormalDistrib_Anthracodromeus" name="sigma" estimate="false">1.076</parameter>
     </Normal>
    </distribution>
    
    <!-- As convert_to_normal==yes, for getting a starting tree, the `Brouffia` prior is a normal with mean=107.575, sd=1.07575. -->
    <distribution id="prP_UniformDistrib_Brouffia" tipsonly="true" monophyletic="false" tree="@shared_tree" spec="beast.math.distributions.MRCAPrior">
     <taxonset id="age_of_Brouffia" spec="TaxonSet">
      <taxon idref="Brouffia" spec="Taxon"/>
     </taxonset>
     <Normal id="convertedForStartingTree_NormalDistrib_Brouffia" name="distr" offset="0">
      <parameter id="convertedForStartingTree_mean_of_NormalDistrib_Brouffia" name="mean" estimate="false">107.575</parameter>
      <parameter id="convertedForStartingTree_sd_of_NormalDistrib_Brouffia" name="sigma" estimate="false">1.07575</parameter>
     </Normal>
    </distribution>
    
    <!-- As convert_to_normal==yes, for getting a starting tree, the `Coelostegus` prior is a normal with mean=107.575, sd=1.07575. -->
    <distribution id="prP_UniformDistrib_Coelostegus" tipsonly="true" monophyletic="false" tree="@shared_tree" spec="beast.math.distributions.MRCAPrior">
     <taxonset id="age_of_Coelostegus" spec="TaxonSet">
      <taxon idref="Coelostegus" spec="Taxon"/>
     </taxonset>
     <Normal id="convertedForStartingTree_NormalDistrib_Coelostegus" name="distr" offset="0">
      <parameter id="convertedForStartingTree_mean_of_NormalDistrib_Coelostegus" name="mean" estimate="false">107.575</parameter>
      <parameter id="convertedForStartingTree_sd_of_NormalDistrib_Coelostegus" name="sigma" estimate="false">1.07575</parameter>
     </Normal>
    </distribution>
    
    <!-- As convert_to_normal==yes, for getting a starting tree, the `Hylonomus` prior is a normal with mean=114.75, sd=1.1475. -->
    <distribution id="prP_UniformDistrib_Hylonomus" tipsonly="true" monophyletic="false" tree="@shared_tree" spec="beast.math.distributions.MRCAPrior">
     <taxonset id="age_of_Hylonomus" spec="TaxonSet">
      <taxon idref="Hylonomus" spec="Taxon"/>
     </taxonset>
     <Normal id="convertedForStartingTree_NormalDistrib_Hylonomus" name="distr" offset="0">
      <parameter id="convertedForStartingTree_mean_of_NormalDistrib_Hylonomus" name="mean" estimate="false">114.75</parameter>
      <parameter id="convertedForStartingTree_sd_of_NormalDistrib_Hylonomus" name="sigma" estimate="false">1.1475</parameter>
     </Normal>
    </distribution>
    
    <!-- As convert_to_normal==yes, for getting a starting tree, the `Thuringothyris` prior is a normal with mean=83.2, sd=0.832. -->
    <distribution id="prP_UniformDistrib_Thuringothyris" tipsonly="true" monophyletic="false" tree="@shared_tree" spec="beast.math.distributions.MRCAPrior">
     <taxonset id="age_of_Thuringothyris" spec="TaxonSet">
      <taxon idref="Thuringothyris" spec="Taxon"/>
     </taxonset>
     <Normal id="convertedForStartingTree_NormalDistrib_Thuringothyris" name="distr" offset="0">
      <parameter id="convertedForStartingTree_mean_of_NormalDistrib_Thuringothyris" name="mean" estimate="false">83.2</parameter>
      <parameter id="convertedForStartingTree_sd_of_NormalDistrib_Thuringothyris" name="sigma" estimate="false">0.832</parameter>
     </Normal>
    </distribution>
    
    <!-- As convert_to_normal==yes, for getting a starting tree, the `Petrolacosaurus` prior is a normal with mean=103.05, sd=1.0305. -->
    <distribution id="prP_UniformDistrib_Petrolacosaurus" tipsonly="true" monophyletic="false" tree="@shared_tree" spec="beast.math.distributions.MRCAPrior">
     <taxonset id="age_of_Petrolacosaurus" spec="TaxonSet">
      <taxon idref="Petrolacosaurus" spec="Taxon"/>
     </taxonset>
     <Normal id="convertedForStartingTree_NormalDistrib_Petrolacosaurus" name="distr" offset="0">
      <parameter id="convertedForStartingTree_mean_of_NormalDistrib_Petrolacosaurus" name="mean" estimate="false">103.05</parameter>
      <parameter id="convertedForStartingTree_sd_of_NormalDistrib_Petrolacosaurus" name="sigma" estimate="false">1.0305</parameter>
     </Normal>
    </distribution>
    
    <!-- As convert_to_normal==yes, for getting a starting tree, the `Araeoscelis` prior is a normal with mean=74.4, sd=0.744. -->
    <distribution id="prP_UniformDistrib_Araeoscelis" tipsonly="true" monophyletic="false" tree="@shared_tree" spec="beast.math.distributions.MRCAPrior">
     <taxonset id="age_of_Araeoscelis" spec="TaxonSet">
      <taxon idref="Araeoscelis" spec="Taxon"/>
     </taxonset>
     <Normal id="convertedForStartingTree_NormalDistrib_Araeoscelis" name="distr" offset="0">
      <parameter id="convertedForStartingTree_mean_of_NormalDistrib_Araeoscelis" name="mean" estimate="false">74.4</parameter>
      <parameter id="convertedForStartingTree_sd_of_NormalDistrib_Araeoscelis" name="sigma" estimate="false">0.744</parameter>
     </Normal>
    </distribution>
    
    <!-- Prior probability density of the mean of `shared_clock`, according to a uniform distribution with lower=0, upper=10. -->
    <prior id="prP_UniformDistrib_on_mean_of_shared_clock" name="distribution" x="@ucldMean_of_shared_clock">
     <Uniform id="UniformDistrib_on_mean_of_shared_clock" name="distr" offset="0" lower="0" upper="10"/>
    </prior>
    
    <!-- Prior probability density of the SD of `shared_clock`, according to a uniform distribution with lower=0, upper=10. -->
    <prior id="prP_UniformDistrib_on_SD_of_shared_clock" name="distribution" x="@ucldStdev_of_shared_clock">
     <Uniform id="UniformDistrib_on_SD_of_shared_clock" name="distr" offset="0" lower="0" upper="10"/>
    </prior>
    
    <!-- Prior probability density on the value of the parameter `ucldMean_of_shared_clock`, according to a uniform distribution with lower=0, upper=10. -->
    <prior id="prP_UniformDistrib_on_param_ucldMean_of_shared_clock" name="distribution" x="@ucldMean_of_shared_clock">
     <Uniform id="UniformDistrib_on_param_ucldMean_of_shared_clock" name="distr" offset="0" lower="0" upper="10"/>
    </prior>
    
    <!-- Prior probability density on the value of the parameter `ucldStdev_of_shared_clock`, according to a uniform distribution with lower=0, upper=10. -->
    <prior id="prP_UniformDistrib_on_param_ucldStdev_of_shared_clock" name="distribution" x="@ucldStdev_of_shared_clock">
     <Uniform id="UniformDistrib_on_param_ucldStdev_of_shared_clock" name="distr" offset="0" lower="0" upper="10"/>
    </prior>
    
    <!-- Prior on parameter(s) for morphology evolution model -->
    
    <!-- Prior density of the gamma shape parameter for morphology -->
    <prior id="morph_gammaShape_prior" distr="@exponential_distrib_for_gammaShape_priors" name="distribution" x="@morph_gammaShape"/>
    
    <!-- Prior probability distributions of tree model parameters -->
    
    <!-- Uniform prior on the time of origin of the process (assumes my) -->
    <!-- x means whatever parameter you are assessing via the distribution -->
    <prior id="prior_originTime" name="distribution" x="@originTime">
     <Uniform id="prior_originTime_Uniform_distrib" lower="0.0" upper="4600.0" name="distr"/>
    </prior>
    
    <!-- Priors on birthRate(s) -->
    
    <!-- Prior probability density on the value of the parameter `birthRate`, according to a uniform distribution with lower=0, upper=9. -->
    <prior id="prP_UniformDistrib_on_param_birthRate" name="distribution" x="@birthRate">
     <Uniform id="UniformDistrib_on_param_birthRate" name="distr" offset="0" lower="0" upper="9"/>
    </prior>
    
    <!-- Priors on deathRate(s) -->
    
    <!-- Prior probability density on the value of the parameter `deathRate`, according to a uniform distribution with lower=0, upper=9. -->
    <prior id="prP_UniformDistrib_on_param_deathRate" name="distribution" x="@deathRate">
     <Uniform id="UniformDistrib_on_param_deathRate" name="distr" offset="0" lower="0" upper="9"/>
    </prior>
    
    <!-- Prior on samplingRate(s) -->
    
    <!-- Prior probability density on the value of the parameter `samplingRate`, according to a uniform distribution with lower=0, upper=9. -->
    <prior id="prP_UniformDistrib_on_param_samplingRate" name="distribution" x="@samplingRate">
     <Uniform id="UniformDistrib_on_param_samplingRate" name="distr" offset="0" lower="0" upper="9"/>
    </prior>
    
    <!-- Also: we are assuming for now that rho at time 0 is fixed -->
    
    <!-- Probability of MCMC sampled tree given treeModel parameters -->
    <distribution id="BDSKY_prior_shared_tree" spec="beast.evolution.speciation.BirthDeathSkylineModel" tree="@shared_tree" origin="@originTime" birthRate="@birthRate" birthRateChangeTimes="@birthRateChangeTimes_tops" deathRate="@deathRate" deathRateChangeTimes="@deathRateChangeTimes_tops" samplingRate="@samplingRate" samplingRateChangeTimes="@samplingRateChangeTimes_tops" rho="@rho" rhoSamplingTimes="@rhoSamplingTimes" reverseTimeArrays="@reverseTimeArrays"/>
   </distribution>
   <distribution id="likelihood" spec="util.CompoundDistribution">
    
    
    <!-- XML SECTION 12: Likelihoods -->
    
    
    <!-- idrefs for additional likelihoods -->
    
    <!-- Likelihood of morphology data given tree, model, morphology model parameters -->
    
    <!-- Likelihood of seqs_morph1_morph2_unordered on the tree -->
    <distribution idref="seqs_morph1_morph2_unordered_treeLikelihood"/>
    
    <!-- Likelihood of seqs_morph1_morph3_unordered on the tree -->
    <distribution idref="seqs_morph1_morph3_unordered_treeLikelihood"/>
   </distribution>
  </distribution>
  
  <!-- Operators to change the dates of the (individual) fossil tipdates -->
  
  
  <!-- XML SECTION 13: Operators. These specify how the parameter values can change at MCMC time-steps. -->
  
  <!-- Additional operators -->
  <operator id="TipDatesRandomWalker_Diadectomorpha" windowSize="30.3" taxonset="@age_of_Diadectomorpha" tree="@shared_tree" weight="1.0" spec="beast.evolution.operators.TipDatesRandomWalker"/>
  <operator id="TipDatesRandomWalker_Seymouriamorpha" windowSize="5" taxonset="@age_of_Seymouriamorpha" tree="@shared_tree" weight="1.0" spec="beast.evolution.operators.TipDatesRandomWalker"/>
  <operator id="TipDatesRandomWalker_Caseidae" windowSize="26.475" taxonset="@age_of_Caseidae" tree="@shared_tree" weight="1.0" spec="beast.evolution.operators.TipDatesRandomWalker"/>
  <operator id="TipDatesRandomWalker_Mesosauridae" windowSize="5.30000000000001" taxonset="@age_of_Mesosauridae" tree="@shared_tree" weight="1.0" spec="beast.evolution.operators.TipDatesRandomWalker"/>
  <operator id="TipDatesRandomWalker_Millerettidae" windowSize="6.34999999999999" taxonset="@age_of_Millerettidae" tree="@shared_tree" weight="1.0" spec="beast.evolution.operators.TipDatesRandomWalker"/>
  <operator id="TipDatesRandomWalker_Romeria_texana" windowSize="14.2" taxonset="@age_of_Romeria_texana" tree="@shared_tree" weight="1.0" spec="beast.evolution.operators.TipDatesRandomWalker"/>
  <operator id="TipDatesRandomWalker_Protocaptorhinus" windowSize="5.30000000000001" taxonset="@age_of_Protocaptorhinus" tree="@shared_tree" weight="1.0" spec="beast.evolution.operators.TipDatesRandomWalker"/>
  <operator id="TipDatesRandomWalker_Rhiodenticulatus" windowSize="17.7" taxonset="@age_of_Rhiodenticulatus" tree="@shared_tree" weight="1.0" spec="beast.evolution.operators.TipDatesRandomWalker"/>
  <operator id="TipDatesRandomWalker_Captorhinus_laticeps" windowSize="5.30000000000001" taxonset="@age_of_Captorhinus_laticeps" tree="@shared_tree" weight="1.0" spec="beast.evolution.operators.TipDatesRandomWalker"/>
  <operator id="TipDatesRandomWalker_Captorhinus_aguti" windowSize="3.5" taxonset="@age_of_Captorhinus_aguti" tree="@shared_tree" weight="1.0" spec="beast.evolution.operators.TipDatesRandomWalker"/>
  <operator id="TipDatesRandomWalker_Labidosaurus" windowSize="3.5" taxonset="@age_of_Labidosaurus" tree="@shared_tree" weight="1.0" spec="beast.evolution.operators.TipDatesRandomWalker"/>
  <operator id="TipDatesRandomWalker_Labidosaurikos" windowSize="3.5" taxonset="@age_of_Labidosaurikos" tree="@shared_tree" weight="1.0" spec="beast.evolution.operators.TipDatesRandomWalker"/>
  <operator id="TipDatesRandomWalker_Saurorictus" windowSize="2.5" taxonset="@age_of_Saurorictus" tree="@shared_tree" weight="1.0" spec="beast.evolution.operators.TipDatesRandomWalker"/>
  <operator id="TipDatesRandomWalker_Concordia" windowSize="1.77500000000001" taxonset="@age_of_Concordia" tree="@shared_tree" weight="1.0" spec="beast.evolution.operators.TipDatesRandomWalker"/>
  <operator id="TipDatesRandomWalker_Protorothyris" windowSize="1.94999999999999" taxonset="@age_of_Protorothyris" tree="@shared_tree" weight="1.0" spec="beast.evolution.operators.TipDatesRandomWalker"/>
  <operator id="TipDatesRandomWalker_Paleothyris" windowSize="3.82500000000002" taxonset="@age_of_Paleothyris" tree="@shared_tree" weight="1.0" spec="beast.evolution.operators.TipDatesRandomWalker"/>
  <operator id="TipDatesRandomWalker_Cephalerpeton" windowSize="2.25" taxonset="@age_of_Cephalerpeton" tree="@shared_tree" weight="1.0" spec="beast.evolution.operators.TipDatesRandomWalker"/>
  <operator id="TipDatesRandomWalker_Anthracodromeus" windowSize="2.25" taxonset="@age_of_Anthracodromeus" tree="@shared_tree" weight="1.0" spec="beast.evolution.operators.TipDatesRandomWalker"/>
  <operator id="TipDatesRandomWalker_Brouffia" windowSize="2.27500000000001" taxonset="@age_of_Brouffia" tree="@shared_tree" weight="1.0" spec="beast.evolution.operators.TipDatesRandomWalker"/>
  <operator id="TipDatesRandomWalker_Coelostegus" windowSize="2.27500000000001" taxonset="@age_of_Coelostegus" tree="@shared_tree" weight="1.0" spec="beast.evolution.operators.TipDatesRandomWalker"/>
  <operator id="TipDatesRandomWalker_Hylonomus" windowSize="1.75" taxonset="@age_of_Hylonomus" tree="@shared_tree" weight="1.0" spec="beast.evolution.operators.TipDatesRandomWalker"/>
  <operator id="TipDatesRandomWalker_Thuringothyris" windowSize="5.30000000000001" taxonset="@age_of_Thuringothyris" tree="@shared_tree" weight="1.0" spec="beast.evolution.operators.TipDatesRandomWalker"/>
  <operator id="TipDatesRandomWalker_Petrolacosaurus" windowSize="1.25" taxonset="@age_of_Petrolacosaurus" tree="@shared_tree" weight="1.0" spec="beast.evolution.operators.TipDatesRandomWalker"/>
  <operator id="TipDatesRandomWalker_Araeoscelis" windowSize="3.5" taxonset="@age_of_Araeoscelis" tree="@shared_tree" weight="1.0" spec="beast.evolution.operators.TipDatesRandomWalker"/>
  
  
  <!-- Operators on Uncorrelated Relaxed Clock with Exponentially-Distributed branch rates (ucld) model parameters for clock model: shared_clock -->
  
  <!-- Operators on the clock mean and SD -->
  <operator id="ucldMean_of_shared_clock_scaler" parameter="@ucldMean_of_shared_clock" scaleFactor="0.5" spec="ScaleOperator" weight="3.0"/>
  <operator id="ucldStdev_of_shared_clock_scaler" parameter="@ucldStdev_of_shared_clock" scaleFactor="0.5" spec="ScaleOperator" weight="3.0"/>
  <operator id="ucldMean_of_shared_clock_relaxedUpDownOperator" scaleFactor="0.75" spec="UpDownOperator" weight="3.0">
   <parameter idref="ucldMean_of_shared_clock" name="up"/>
   <tree idref="shared_tree" name="down"/>
  </operator>
  <operator id="CategoriesRandomWalk_shared_clock" parameter="@rateCategories_of_shared_clock" spec="IntRandomWalkOperator" weight="10.0" windowSize="1"/>
  <operator id="CategoriesSwapOperator_shared_clock" intparameter="@rateCategories_of_shared_clock" spec="SwapOperator" weight="10.0"/>
  <operator id="CategoriesUniformOperator_shared_clock" parameter="@rateCategories_of_shared_clock" spec="UniformOperator" weight="10.0"/>
  
  <!-- Only one partition input, so the DeltaExchangeOperator and FixMeanMutationRatesOperator are not needed, just a simple Scaler -->
  <!-- Weight is 0.0 since otherwise it`s not identifiable with the clock rate -->
  <operator id="morph_relRate_Scaler" parameter="@morph_relRate" scaleFactor="0.5" weight="0.0" spec="ScaleOperator"/>
  
  <!-- Operator for scaling the gamma shape parameter for morphology -->
  <operator id="morph_gammaShape_Scaler" parameter="@morph_gammaShape" scaleFactor="0.5" spec="ScaleOperator" weight="0.1"/>
  
  <!-- Operators on the tree model parameters -->
  <!-- (commented out unless specified as estimated in Excel settings file) -->
  <operator id="rateScaler_birthRate_shared_tree" parameter="@birthRate" scaleFactor="0.75" weight="10.0" spec="ScaleOperator"/>
  <operator id="rateScaler_deathRate_shared_tree" parameter="@deathRate" scaleFactor="0.75" weight="10.0" spec="ScaleOperator"/>
  <operator id="rateScaler_samplingRate_shared_tree" parameter="@samplingRate" scaleFactor="0.75" weight="10.0" spec="ScaleOperator"/>
  <!-- <operator id="rateScaler_rho_shared_tree" parameter="@rho" scaleFactor="0.75" weight="10.0" spec="ScaleOperator"/> -->
  <operator id="rateScaler_originTime_shared_tree" parameter="@originTime" scaleFactor="0.75" weight="1.0" spec="ScaleOperator"/>
  
  <!-- Operators on the phylogeny (topology and node dates; tip dates could be added) -->
  <operator id="treeScaler_shared_tree" tree="@shared_tree" scaleFactor="0.5" weight="3.0" spec="ScaleOperator"/>
  <operator id="treeRootScaler_shared_tree" tree="@shared_tree" scaleFactor="0.5" weight="3.0" spec="ScaleOperator"/>
  <operator id="UniformOperator_shared_tree" tree="@shared_tree" weight="30.0" spec="Uniform"/>
  <operator id="SubtreeSlide_shared_tree" tree="@shared_tree" weight="15.0" spec="SubtreeSlide"/>
  <operator id="narrowExchange_shared_tree" tree="@shared_tree" weight="15.0" spec="Exchange"/>
  <operator id="wideExchange_shared_tree" tree="@shared_tree" isNarrow="false" weight="3.0" spec="Exchange"/>
  
  <!-- Not sure what this does: NJM 2014-12-01 -->
  <operator id="WilsonBalding_shared_tree" tree="@shared_tree" weight="3.0" spec="WilsonBalding"/>
  
  
  <logger id="tracelog" fileName="traceLog2.txt" logEvery="500000" model="@posterior" sanitiseHeaders="true" sort="smart">
   <log idref="posterior"/>
   <log idref="prior"/>
   <log idref="likelihood"/>
   
   <!-- Log the sampled (individual) tipdates and the prior probability densities (prP) of them -->
   
   
   <!-- XML SECTION 14: Trace log. This logs the parameters in a .log file, which may be viewed in Tracer. -->
   <!-- Reporting node dates/monophyly to trace log -->
   <log idref="total_group_LCA_prior"/>
   <log idref="ingroup1_prior"/>
   <log idref="ingroup2_prior"/>
   
   <!-- Additional logs -->
   <log idref="prP_UniformDistrib_Diadectomorpha"/>
   <log idref="prP_UniformDistrib_Seymouriamorpha"/>
   <log idref="prP_UniformDistrib_Caseidae"/>
   <log idref="prP_UniformDistrib_Mesosauridae"/>
   <log idref="prP_UniformDistrib_Millerettidae"/>
   <log idref="prP_UniformDistrib_Romeria_texana"/>
   <log idref="prP_UniformDistrib_Protocaptorhinus"/>
   <log idref="prP_UniformDistrib_Rhiodenticulatus"/>
   <log idref="prP_UniformDistrib_Captorhinus_laticeps"/>
   <log idref="prP_UniformDistrib_Captorhinus_aguti"/>
   <log idref="prP_UniformDistrib_Labidosaurus"/>
   <log idref="prP_UniformDistrib_Labidosaurikos"/>
   <log idref="prP_UniformDistrib_Saurorictus"/>
   <log idref="prP_UniformDistrib_Concordia"/>
   <log idref="prP_UniformDistrib_Protorothyris"/>
   <log idref="prP_UniformDistrib_Paleothyris"/>
   <log idref="prP_UniformDistrib_Cephalerpeton"/>
   <log idref="prP_UniformDistrib_Anthracodromeus"/>
   <log idref="prP_UniformDistrib_Brouffia"/>
   <log idref="prP_UniformDistrib_Coelostegus"/>
   <log idref="prP_UniformDistrib_Hylonomus"/>
   <log idref="prP_UniformDistrib_Thuringothyris"/>
   <log idref="prP_UniformDistrib_Petrolacosaurus"/>
   <log idref="prP_UniformDistrib_Araeoscelis"/>
   
   <!-- Trace log of the `shared_clock`clock model -->
   <parameter idref="ucldMean_of_shared_clock" name="log"/>
   <parameter idref="ucldStdev_of_shared_clock" name="log"/>
   
   <!-- Log of rate statistics: rate.mean, rate.variance, rate.coefficientOfVariation -->
   <!-- coefficient of variation = stdev / mean = sqrt(variance)/mean -->
   <log id="rate_summary_shared_clock" branchratemodel="@shared_clock" tree="@shared_tree" spec="beast.evolution.branchratemodel.RateStatistic"/>
   
   <!-- Log of the prior probability density of the sampled mean of this clock -->
   <log idref="prP_UniformDistrib_on_mean_of_shared_clock"/>
   <!-- Log of the prior probability density of the sampled SD of this clock -->
   <log idref="prP_UniformDistrib_on_SD_of_shared_clock"/>
   
   
   <!-- Log rate categories, if desired (may be a ridiculous number of columns). -->
   <!-- (Note: rates are typically also logged in the treeLog) -->
   <!--<log idref="rateCategories_of_shared_clock"/>-->
   
   <!-- Log the relative mutation rates (really, substitution rates!) -->
   <parameter idref="morph_relRate" name="log"/>
   
   <!-- Likelihood of morphology data given tree, model, morphology model parameters -->
   <log idref="seqs_morph1_morph2_unordered_treeLikelihood"/>
   <log idref="seqs_morph1_morph3_unordered_treeLikelihood"/>
   
   <!-- Log of the gamma shape parameter for morphology -->
   <log idref="morph_gammaShape"/>
   
   <!-- Log of prior density of the gamma shape parameter for morphology -->
   <log idref="morph_gammaShape_prior"/>
   
   <!-- Log the probability of the tree given the treeModel parameters-->
   <log idref="BDSKY_prior_shared_tree"/>
   
   <!-- Log the prior probability of the treeModel parameters-->
   <log idref="originTime"/>
   <log idref="birthRate"/>
   <log idref="deathRate"/>
   <log idref="samplingRate"/>
   <log idref="rho"/>
   
   <!-- Log of the prior probability density of value of the parameter `birthRate` -->
   <log idref="prP_UniformDistrib_on_param_birthRate"/>
   
   <!-- Log of the prior probability density of value of the parameter `deathRate` -->
   <log idref="prP_UniformDistrib_on_param_deathRate"/>
   
   <!-- Log of the prior probability density of value of the parameter `samplingRate` -->
   <log idref="prP_UniformDistrib_on_param_samplingRate"/>
  </logger>
  
  
  <logger id="screenlog" fileName="" logEvery="500000" sanitiseHeaders="true" sort="smart">
   <log idref="posterior"/>
   <log idref="prior"/>
   <log idref="likelihood"/>
   
   
   <!-- XML SECTION 15: Screen log. Which parameters print to screen, and how often? -->
   
   <!-- Reporting node dates/monophyly to screen log -->
   <log idref="total_group_LCA_prior"/>
   <log idref="ingroup1_prior"/>
   <log idref="ingroup2_prior"/>
   
   <!-- Additional logs -->
   
   <!-- log of the clock mean for model `shared_clock` -->
   <parameter idref="ucldMean_of_shared_clock" name="log"/>
   
   <!-- Log the relative mutation rates (really, substitution rates!) -->
   <parameter idref="morph_relRate" name="log"/>
   
   <!-- Likelihood of morphology data given tree, model, morphology model parameters -->
   <log idref="seqs_morph1_morph2_unordered_treeLikelihood"/>
   <log idref="seqs_morph1_morph3_unordered_treeLikelihood"/>
   
   <!-- Log the probability of the tree given the treeModel parameters-->
   <log idref="BDSKY_prior_shared_tree"/>
   
   <!-- Log the prior probability of the treeModel parameters-->
   <log idref="originTime"/>
   <log idref="birthRate"/>
   <log idref="deathRate"/>
   <log idref="samplingRate"/>
   <log idref="rho"/>
  </logger>
  
  
  <logger id="treelog" fileName="treeLog2.txt" logEvery="500000" mode="tree">
   
   
   <!-- XML SECTION 16: Tree log. How often should time trees from the MCMC chain be saved, and what data should they have? -->
   <!--       (these are trees where the branch lengths are in time units, e.g. millions of years )                    -->
   <!--   NOTE: this file can get HUGE if you sample too frequently. You just want a few thousand samples at the end.       -->
   
   <!-- Log the tree and branch rates -->
   <log id="TreeWithMetaDataLogger_shared_tree" tree="@shared_tree" branchratemodel="@shared_clock" substitutions="false" spec="beast.evolution.tree.TreeWithMetaDataLogger"/>
  </logger>
  
  
  <logger id="subslog" fileName="subsLog2.txt" logEvery="500000" mode="tree">
   
   
   <!-- XML SECTION 17: Substitutions Tree log. How often should these trees be saved, and what data should they have?      -->
   <!--         (these are trees where the branch lengths are the expected number of substitutions, i.e. rate * time)      -->
   <!--   NOTE: this file can get HUGE if you sample too frequently. You just want a few thousand samples at the end.      -->
   
   <!-- Log the tree and branch rates -->
   <log id="Subs_TreeWithMetaDataLogger_shared_tree" tree="@shared_tree" substitutions="true" spec="beast.evolution.tree.TreeWithMetaDataLogger"/>
  </logger>
 </run>
</beast>
